{
  "lang":"en",
  "name":"pipeline",
  "version":"0.0.0",
  "spacy_version":">=3.7.5,<3.8.0",
  "description":"",
  "author":"",
  "email":"",
  "url":"",
  "license":"",
  "spacy_git_version":"a6d0fc360",
  "vectors":{
    "width":0,
    "vectors":0,
    "keys":0,
    "name":null,
    "mode":"default"
  },
  "labels":{
    "tok2vec":[

    ],
    "ner":[
      "DATE",
      "EMP_LOC",
      "EMP_TITLE",
      "EMP_TYPE",
      "GPE",
      "LOC",
      "ORG",
      "QUANTITY",
      "TECH"
    ]
  },
  "pipeline":[
    "tok2vec",
    "ner"
  ],
  "components":[
    "tok2vec",
    "ner"
  ],
  "disabled":[

  ],
  "performance":{
    "ents_f":0.705107084,
    "ents_p":0.7469458988,
    "ents_r":0.6677067083,
    "ents_per_type":{
      "EMP_TITLE":{
        "p":0.6222222222,
        "r":0.6021505376,
        "f":0.6120218579
      },
      "EMP_TYPE":{
        "p":0.8235294118,
        "r":0.9655172414,
        "f":0.8888888889
      },
      "EMP_LOC":{
        "p":0.8857142857,
        "r":0.8378378378,
        "f":0.8611111111
      },
      "TECH":{
        "p":0.8297101449,
        "r":0.7557755776,
        "f":0.7910189983
      },
      "LOC":{
        "p":0.68,
        "r":0.5795454545,
        "f":0.6257668712
      },
      "ORG":{
        "p":0.5238095238,
        "r":0.3626373626,
        "f":0.4285714286
      }
    },
    "tok2vec_loss":104552.9214057922,
    "ner_loss":2597.7183385868
  }
}